{"BaseInfo":{"lCategory":{"소스":[{"sCategory":"꿀","nDay":365},{"sCategory":"돈까스소스","nDay":365},{"sCategory":"딸기잼","nDay":365},{"sCategory":"마요네즈","nDay":365},{"sCategory":"머스타드","nDay":365},{"sCategory":"버터","nDay":90},{"sCategory":"양념소스","nDay":365},{"sCategory":"연겨자","nDay":365},{"sCategory":"와사비","nDay":365},{"sCategory":"케찹","nDay":365}],"조미료":[{"sCategory":"가루","nDay":365},{"sCategory":"소금","nDay":730},{"sCategory":"다시마가루","nDay":365},{"sCategory":"들깨가루","nDay":365},{"sCategory":"멸치가루","nDay":365},{"sCategory":"미숫가루","nDay":365},{"sCategory":"믹스","nDay":365},{"sCategory":"밀가루","nDay":365},{"sCategory":"부침가루","nDay":365},{"sCategory":"새우가루","nDay":365},{"sCategory":"생강가루","nDay":365},{"sCategory":"설탕","nDay":365},{"sCategory":"쌀가루","nDay":365},{"sCategory":"짜장가루","nDay":365},{"sCategory":"천일염","nDay":730},{"sCategory":"카레가루","nDay":365},{"sCategory":"콩가루","nDay":3365},{"sCategory":"후추","nDay":730},{"sCategory":"튀김가루","nDay":365}],"반찬":[{"sCategory":"가래떡","nDay":6},{"sCategory":"두부","nDay":14},{"sCategory":"돈까스","nDay":30},{"sCategory":"순두부","nDay":15},{"sCategory":"어묵","nDay":4}],"견과":[{"sCategory":"대추","nDay":21},{"sCategory":"땅콩","nDay":365},{"sCategory":"견과","nDay":365},{"sCategory":"밤","nDay":365},{"sCategory":"아몬드","nDay":365},{"sCategory":"은행","nDay":365},{"sCategory":"인삼","nDay":365},{"sCategory":"잣","nDay":365},{"sCategory":"캐슈넛","nDay":365},{"sCategory":"피스타치오","nDay":180},{"sCategory":"해바라기씨","nDay":365},{"sCategory":"호두","nDay":365}],"양념":[{"sCategory":"간장","nDay":365},{"sCategory":"고추기름","nDay":365},{"sCategory":"고추장","nDay":365},{"sCategory":"굴소스","nDay":365},{"sCategory":"된장","nDay":365},{"sCategory":"드레싱","nDay":365},{"sCategory":"들기름","nDay":90},{"sCategory":"레몬즙","nDay":180},{"sCategory":"물엿","nDay":365},{"sCategory":"새우젓","nDay":365},{"sCategory":"식용유","nDay":365},{"sCategory":"식초","nDay":365},{"sCategory":"쌈장","nDay":365},{"sCategory":"액젓","nDay":365},{"sCategory":"올리브유","nDay":365},{"sCategory":"참기름","nDay":365},{"sCategory":"청국장","nDay":365},{"sCategory":"코코넛밀크","nDay":4}],"양곡":[{"sCategory":"강낭콩","nDay":365},{"sCategory":"검은깨","nDay":365},{"sCategory":"검정콩","nDay":90},{"sCategory":"귀리","nDay":365},{"sCategory":"녹두","nDay":365},{"sCategory":"들깨","nDay":365},{"sCategory":"렌틸콩","nDay":365},{"sCategory":"병아리콩","nDay":365},{"sCategory":"보리","nDay":365},{"sCategory":"쌀","nDay":365},{"sCategory":"완두콩","nDay":365},{"sCategory":"율무","nDay":365},{"sCategory":"참깨","nDay":365},{"sCategory":"찹쌀","nDay":365},{"sCategory":"찹쌀현미","nDay":365},{"sCategory":"퀴노아","nDay":365},{"sCategory":"팥","nDay":90},{"sCategory":"현미","nDay":365},{"sCategory":"혼합곡","nDay":365},{"sCategory":"흑미","nDay":180}],"유제품":[{"sCategory":"분유","nDay":21},{"sCategory":"생크림","nDay":3},{"sCategory":"연유","nDay":365},{"sCategory":"요거트","nDay":15},{"sCategory":"요플레","nDay":21},{"sCategory":"요구르트","nDay":21},{"sCategory":"우유","nDay":15},{"sCategory":"치즈","nDay":120},{"sCategory":"치즈가루","nDay":120},{"sCategory":"크림치즈","nDay":21},{"sCategory":"휘핑크림","nDay":21}],"육류":[{"sCategory":"LA갈비","nDay":3},{"sCategory":"계란","nDay":20},{"sCategory":"닭가슴살","nDay":7},{"sCategory":"닭날개","nDay":7},{"sCategory":"닭다리","nDay":7},{"sCategory":"닭꼬치","nDay":180},{"sCategory":"돼지등심","nDay":3},{"sCategory":"돼지목살","nDay":3},{"sCategory":"삼겹살","nDay":3},{"sCategory":"메추리알","nDay":20},{"sCategory":"베이컨","nDay":240},{"sCategory":"소갈비","nDay":3},{"sCategory":"소등심","nDay":3},{"sCategory":"소불고기","nDay":3},{"sCategory":"양고기","nDay":3},{"sCategory":"양념육","nDay":3},{"sCategory":"오리고기","nDay":3},{"sCategory":"훈제오리","nDay":30}],"채소":[{"sCategory":"가지","nDay":5},{"sCategory":"감자","nDay":20},{"sCategory":"건나물","nDay":180},{"sCategory":"건버섯","nDay":180},{"sCategory":"고구마","nDay":20},{"sCategory":"고사리","nDay":5},{"sCategory":"고추","nDay":5},{"sCategory":"곤드레","nDay":180},{"sCategory":"깻잎","nDay":5},{"sCategory":"나물","nDay":30},{"sCategory":"다진마늘","nDay":5},{"sCategory":"마늘","nDay":20},{"sCategory":"단호박","nDay":14},{"sCategory":"당근","nDay":5},{"sCategory":"도라지","nDay":5},{"sCategory":"마","nDay":5},{"sCategory":"무","nDay":5},{"sCategory":"미나리","nDay":5},{"sCategory":"바질","nDay":5},{"sCategory":"배추","nDay":5},{"sCategory":"버섯","nDay":5},{"sCategory":"부추","nDay":5},{"sCategory":"브로콜리","nDay":5},{"sCategory":"비트","nDay":365},{"sCategory":"상추","nDay":5},{"sCategory":"새송이버섯","nDay":4},{"sCategory":"새싹채소","nDay":5},{"sCategory":"샐러드","nDay":4},{"sCategory":"생강","nDay":7},{"sCategory":"숙주","nDay":4},{"sCategory":"시금치","nDay":5},{"sCategory":"아스파라거스","nDay":5},{"sCategory":"애호박","nDay":5},{"sCategory":"양배추","nDay":5},{"sCategory":"양상추","nDay":5},{"sCategory":"양파","nDay":20},{"sCategory":"연근","nDay":5},{"sCategory":"오이","nDay":5},{"sCategory":"옥수수","nDay":5},{"sCategory":"우엉","nDay":21},{"sCategory":"청경채","nDay":21},{"sCategory":"청양고추","nDay":5},{"sCategory":"콩나물","nDay":5},{"sCategory":"파","nDay":21},{"sCategory":"파프리카","nDay":5},{"sCategory":"팽이버섯","nDay":7},{"sCategory":"표고버섯","nDay":14},{"sCategory":"피망","nDay":5},{"sCategory":"호박","nDay":5}],"인스턴트":[{"sCategory":"3분짜장","nDay":21},{"sCategory":"떡볶이","nDay":3},{"sCategory":"만두","nDay":3},{"sCategory":"새우튀김","nDay":3},{"sCategory":"소시지","nDay":90},{"sCategory":"수프","nDay":365},{"sCategory":"순대","nDay":3},{"sCategory":"스팸","nDay":1095},{"sCategory":"참치캔","nDay":1095},{"sCategory":"치킨","nDay":3},{"sCategory":"통조림","nDay":365},{"sCategory":"피자","nDay":3},{"sCategory":"핫도그","nDay":3},{"sCategory":"햇반","nDay":270}],"면류":[{"sCategory":"소면","nDay":240},{"sCategory":"냉면","nDay":21},{"sCategory":"당면","nDay":240},{"sCategory":"라면","nDay":240},{"sCategory":"라이스페이퍼","nDay":240},{"sCategory":"사리","nDay":240},{"sCategory":"스파게티면","nDay":240}],"수산물":[{"sCategory":"건어물","nDay":365},{"sCategory":"게","nDay":3},{"sCategory":"고등어","nDay":90},{"sCategory":"굴","nDay":7},{"sCategory":"김","nDay":365},{"sCategory":"꽁치","nDay":2},{"sCategory":"다시마","nDay":365},{"sCategory":"멸치","nDay":30},{"sCategory":"문어","nDay":3},{"sCategory":"미역","nDay":365},{"sCategory":"바지락","nDay":2},{"sCategory":"삼치","nDay":60},{"sCategory":"새우","nDay":3},{"sCategory":"생선","nDay":3},{"sCategory":"연어","nDay":60},{"sCategory":"오징어","nDay":3},{"sCategory":"전복","nDay":2},{"sCategory":"조개","nDay":3},{"sCategory":"조기","nDay":180},{"sCategory":"쭈꾸미","nDay":5},{"sCategory":"해산물","nDay":21},{"sCategory":"회","nDay":2}],"과일":[{"sCategory":"감","nDay":5},{"sCategory":"거봉","nDay":180},{"sCategory":"건포도","nDay":180},{"sCategory":"곶감","nDay":10},{"sCategory":"귤","nDay":21},{"sCategory":"딸기","nDay":5},{"sCategory":"레몬","nDay":5},{"sCategory":"망고","nDay":5},{"sCategory":"메론","nDay":5},{"sCategory":"바나나","nDay":5},{"sCategory":"방울토마토","nDay":5},{"sCategory":"배","nDay":5},{"sCategory":"복분자","nDay":5},{"sCategory":"복숭아","nDay":5},{"sCategory":"블루베리","nDay":10},{"sCategory":"사과","nDay":21},{"sCategory":"석류","nDay":5},{"sCategory":"수박","nDay":5},{"sCategory":"아보카도","nDay":5},{"sCategory":"오렌지","nDay":10},{"sCategory":"오미자","nDay":5},{"sCategory":"자두","nDay":5},{"sCategory":"자몽","nDay":10},{"sCategory":"참외","nDay":5},{"sCategory":"천도복숭아","nDay":5},{"sCategory":"체리","nDay":10},{"sCategory":"크랜베리","nDay":180},{"sCategory":"키위","nDay":5},{"sCategory":"토마토","nDay":5},{"sCategory":"파인애플","nDay":5},{"sCategory":"포도","nDay":5},{"sCategory":"한라봉","nDay":10},{"sCategory":"홍시","nDay":5}],"음료":[{"sCategory":"두유","nDay":365},{"sCategory":"막걸리","nDay":365},{"sCategory":"맥주","nDay":365},{"sCategory":"물","nDay":365},{"sCategory":"사케","nDay":365},{"sCategory":"소주","nDay":365},{"sCategory":"얼음","nDay":365},{"sCategory":"와인","nDay":365},{"sCategory":"즙","nDay":21},{"sCategory":"차","nDay":21},{"sCategory":"탄산음료","nDay":730},{"sCategory":"커피","nDay":730}],"김치젓갈":[{"sCategory":"까나리액젓","nDay":365},{"sCategory":"멸치액젓","nDay":365},{"sCategory":"오징어젓","nDay":365},{"sCategory":"장아찌","nDay":365},{"sCategory":"절임","nDay":365},{"sCategory":"김치","nDay":365}]}}}